,x,y,z,global,local
0,0.625029,-0.192548,-0.756482,18,0
1,0.672672,-0.152061,-0.724148,18,1
2,0.591865,-0.279403,-0.756062,18,2
3,0.572598,-0.177381,-0.800417,18,3
4,0.649267,-0.314435,-0.69252,18,4
5,0.521725,-0.218466,-0.824667,18,5
6,0.558449,-0.113248,-0.821772,18,6
7,0.720758,-0.123998,-0.682006,18,7
8,0.634872,-0.379926,-0.672751,18,8
9,0.677434,-0.395633,-0.620127,18,9
10,0.68666,-0.444902,-0.574944,18,10
11,0.761753,-0.147386,-0.63088,18,11
12,0.733886,-0.405141,-0.545226,18,12
13,0.582593,-0.049829,-0.811235,18,13
14,0.786238,-0.087117,-0.611752,18,14
15,0.817828,-0.121825,-0.56242,18,15
16,0.749783,-0.215685,-0.625544,18,16
17,0.635783,-0.479448,-0.604904,18,17
18,0.546566,-0.331062,-0.769197,18,18
19,0.74828,-0.342655,-0.568035,18,19
20,0.579586,-0.404238,-0.707581,18,20
21,0.550254,-0.463911,-0.694268,18,21
22,0.487775,-0.347437,-0.800852,18,22
23,0.430816,-0.376561,-0.820122,18,23
24,0.50442,-0.09516,-0.858199,18,24
25,0.433077,-0.31319,-0.845196,18,25
26,0.458038,-0.425097,-0.7807,18,26
27,0.697792,-0.205707,-0.686127,18,27
28,0.722792,-0.305582,-0.619831,18,28
29,0.620095,0.000412,-0.784526,18,29
30,0.678465,-0.083166,-0.72991,18,30
0,-0.745312,-0.555839,0.368175,17,0
1,-0.720687,-0.623732,0.302605,17,1
2,-0.802191,-0.509587,0.311145,17,2
3,-0.733057,-0.526607,0.43048,17,3
4,-0.68414,-0.562567,0.464188,17,4
5,-0.709816,-0.660779,0.243992,17,5
6,-0.832102,-0.448324,0.326516,17,6
7,-0.830931,-0.498034,0.248024,17,7
8,-0.663271,-0.691648,0.285823,17,8
9,-0.739838,-0.647664,0.18213,17,9
10,-0.680103,-0.7052,0.200384,17,10
11,-0.625871,-0.700206,0.343507,17,11
12,-0.777731,-0.476995,0.409403,17,12
13,-0.67232,-0.526443,0.520426,17,13
14,-0.614729,-0.675534,0.407138,17,14
15,-0.842477,-0.393993,0.367427,17,15
16,-0.818884,-0.540408,0.193363,17,16
17,-0.867946,-0.407934,0.2833,17,17
18,-0.760084,-0.639266,0.116666,17,18
19,-0.769734,-0.598578,0.221843,17,19
20,-0.856604,-0.483698,0.179629,17,20
21,-0.885691,-0.422665,0.192111,17,21
22,-0.897352,-0.349061,0.270028,17,22
23,-0.807092,-0.410153,0.424708,17,23
24,-0.753771,-0.458146,0.471096,17,24
25,-0.570151,-0.723183,0.389789,17,25
26,-0.760034,-0.64794,0.050229,17,26
27,-0.829417,-0.544406,0.125257,17,27
28,-0.673851,-0.476596,0.564607,17,28
29,-0.802603,-0.594808,0.045083,17,29
0,-0.645168,0.76399,0.008768,16,0
1,-0.590265,0.807091,0.013841,16,1
2,-0.561744,0.823888,0.075183,16,2
3,-0.586043,0.80836,-0.055736,16,3
4,-0.723848,0.683865,0.091498,16,4
5,-0.765177,0.641601,0.053412,16,5
6,-0.684317,0.715541,0.140397,16,6
7,-0.70852,0.678458,0.194152,16,7
8,-0.551415,0.821773,0.14363,16,8
9,-0.627922,0.77207,-0.098089,16,9
10,-0.678652,0.725968,-0.111359,16,10
11,-0.724886,0.676806,-0.128349,16,11
12,-0.660754,0.729409,-0.177106,16,12
13,-0.750365,0.626308,0.211402,16,13
14,-0.79209,0.572461,0.211854,16,14
15,-0.608806,0.768277,-0.197754,16,15
16,-0.659415,0.717673,0.22387,16,16
17,-0.533762,0.845601,0.007519,16,17
18,-0.795749,0.605623,0.002161,16,18
19,-0.835071,0.550114,0.005568,16,19
20,-0.846348,0.529461,-0.058017,16,20
21,-0.565761,0.808331,-0.162835,16,21
22,-0.768021,0.624739,-0.140871,16,22
23,-0.808848,0.570737,-0.141505,16,23
24,-0.853942,0.506451,-0.119542,16,24
25,-0.764131,0.640744,-0.074505,16,25
26,-0.537789,0.816473,0.21013,16,26
27,-0.729776,0.625553,0.275881,16,27
28,-0.499877,0.858038,0.117877,16,28
0,0.951215,0.125451,0.281874,30,0
1,0.97046,0.098629,0.220179,30,1
2,0.916268,0.138857,0.375728,30,2
3,0.981634,0.11336,0.153443,30,3
4,0.898114,0.097266,0.428871,30,4
5,0.875563,0.157332,0.456768,30,5
6,0.972837,0.181589,0.143573,30,6
7,0.958989,0.249032,0.135362,30,7
8,0.854276,0.222383,0.469849,30,8
9,0.901678,0.21585,0.37468,30,9
10,0.831412,0.186473,0.523433,30,10
11,0.946982,0.063629,0.314923,30,11
12,0.824081,0.27939,0.49278,30,12
13,0.941138,0.27466,0.197032,30,13
14,0.963688,0.016813,0.2665,30,14
15,0.9425,0.312847,0.117558,30,15
16,0.924382,0.2746,0.264789,30,16
17,0.883503,0.283578,0.372835,30,17
18,0.869845,0.075519,0.487511,30,18
19,0.988629,0.045951,0.143181,30,19
20,0.898115,0.028918,0.438809,30,20
21,0.802045,0.343314,0.488733,30,21
22,0.873205,0.34569,0.343527,30,22
23,0.843157,0.405481,0.35309,30,23
24,0.866538,0.407238,0.288565,30,24
25,0.973771,-0.035575,0.224732,30,25
26,0.803478,0.395408,0.445057,30,26
27,0.895297,-0.038398,0.443812,30,27
28,0.933454,0.352523,0.066271,30,28
29,0.863458,-0.039705,0.502856,30,29
0,0.442223,-0.176905,0.879286,3,0
1,0.325684,-0.201029,0.92386,3,1
2,0.428369,-0.245213,0.869696,3,2
3,0.411655,-0.096116,0.906257,3,3
4,0.496203,-0.138054,0.85716,3,4
5,0.268986,-0.240953,0.932517,3,5
6,0.231503,-0.298165,0.926015,3,6
7,0.437203,-0.031498,0.898811,3,7
8,0.545452,-0.096473,0.832571,3,8
9,0.490864,-0.213336,0.844713,3,9
10,0.383342,0.005281,0.923591,3,10
11,0.31846,-0.001972,0.947934,3,11
12,0.48756,0.007706,0.873055,3,12
13,0.537602,-0.245931,0.806537,3,13
14,0.257234,-0.029521,0.965898,3,14
15,0.202184,0.006797,0.979324,3,15
16,0.276589,-0.342452,0.8979,3,16
17,0.14859,-0.034024,0.988313,3,17
18,0.239465,-0.096689,0.966079,3,18
19,0.220233,-0.378516,0.899012,3,19
20,0.552435,-0.163795,0.817305,3,20
21,0.514263,-0.310307,0.799527,3,21
22,0.489534,0.074824,0.868768,3,22
23,0.342499,-0.265421,0.901247,3,23
24,0.152521,-0.101551,0.983069,3,24
25,0.317228,-0.387279,0.865668,3,25
26,0.406763,0.06798,0.911001,3,26
0,0.756528,-0.653496,0.02466,47,0
1,0.79233,-0.60686,0.062723,47,1
2,0.82891,-0.552942,0.084639,47,2
3,0.765097,-0.632224,0.122146,47,3
4,0.749783,-0.660145,-0.045104,47,4
5,0.764627,-0.616026,0.189362,47,5
6,0.742253,-0.660288,-0.114368,47,6
7,0.69705,-0.709531,0.103381,47,7
8,0.666786,-0.726992,0.163946,47,8
9,0.664346,-0.747425,-0.000335,47,9
10,0.694729,-0.711109,-0.108052,47,10
11,0.815722,-0.578434,0.003555,47,11
12,0.63345,-0.765113,0.115515,47,12
13,0.781985,-0.608309,-0.135863,47,13
14,0.809624,-0.567587,0.149512,47,14
15,0.662419,-0.730641,-0.165422,47,15
16,0.586813,-0.805455,0.08302,47,16
17,0.563134,-0.826097,0.021085,47,17
18,0.621573,-0.782156,-0.043334,47,18
19,0.628457,-0.746862,0.217346,47,19
20,0.831054,-0.553106,-0.058513,47,20
21,0.661194,-0.703789,0.259815,47,21
22,0.574218,-0.787988,0.222146,47,22
23,0.793495,-0.576984,-0.193534,47,23
24,0.533318,-0.825953,0.182687,47,24
25,0.844826,-0.51116,0.158066,47,25
26,0.584484,-0.8057,-0.096056,47,26
27,0.535279,-0.842128,-0.065544,47,27
0,-0.286207,0.790612,0.541311,32,0
1,-0.231645,0.868222,0.438783,32,1
2,-0.314783,0.745978,0.58688,32,2
3,-0.335549,0.813081,0.475717,32,3
4,-0.169818,0.892838,0.417135,32,4
5,-0.342002,0.698687,0.628388,32,5
6,-0.119357,0.878189,0.463183,32,6
7,-0.061248,0.865211,0.497653,32,7
8,-0.178239,0.918411,0.353202,32,8
9,-0.04606,0.830523,0.555077,32,9
10,-0.216158,0.930106,0.296948,32,10
11,-0.289359,0.683782,0.66986,32,11
12,-0.397934,0.801499,0.446371,32,12
13,-0.097795,0.801605,0.589801,32,13
14,-0.237288,0.722995,0.648824,32,14
15,-0.132065,0.842664,0.521993,32,15
16,-0.278777,0.907373,0.314576,32,16
17,-0.454469,0.791426,0.408783,32,17
18,-0.352379,0.650265,0.673041,32,18
19,-0.153508,0.94806,0.278598,32,19
20,-0.344481,0.885196,0.312667,32,20
21,-0.009686,0.798877,0.601416,32,21
22,-0.441614,0.825949,0.350408,32,22
23,-0.417538,0.759637,0.498613,32,23
24,-0.165649,0.789067,0.591553,32,24
25,-0.111384,0.931232,0.346988,32,25
26,-0.48014,0.749023,0.456542,32,26
27,-0.155374,0.747838,0.645443,32,27
0,-0.287687,0.620805,0.729272,15,0
1,-0.337379,0.540882,0.770469,15,1
2,-0.244698,0.520728,0.817903,15,2
3,-0.397245,0.505077,0.766221,15,3
4,-0.459262,0.488031,0.742229,15,4
5,-0.502185,0.513449,0.69583,15,5
6,-0.474078,0.570579,0.670589,15,6
7,-0.337442,0.481881,0.808656,15,7
8,-0.176358,0.534674,0.826451,15,8
9,-0.172691,0.475288,0.862716,15,9
10,-0.28027,0.673531,0.683962,15,10
11,-0.338168,0.683388,0.647011,15,11
12,-0.117029,0.569093,0.813902,15,12
13,-0.339422,0.727678,0.596052,15,13
14,-0.411098,0.444107,0.796095,15,14
15,-0.249827,0.721761,0.645482,15,15
16,-0.106497,0.466801,0.877927,15,16
17,-0.186481,0.414067,0.89094,15,17
18,-0.536387,0.457517,0.709202,15,18
19,-0.183506,0.739729,0.647399,15,19
20,-0.053924,0.593092,0.803327,15,20
21,-0.377616,0.398458,0.835845,15,21
22,-0.160686,0.698602,0.697234,15,22
23,-0.204013,0.654556,0.727967,15,23
24,-0.002261,0.62774,0.77842,15,24
25,-0.401592,0.657419,0.637593,15,25
26,-0.058538,0.511529,0.85727,15,26
27,-0.331302,0.362138,0.871261,15,27
28,-0.236014,0.367419,0.899611,15,28
0,-0.71049,-0.008395,-0.703658,19,0
1,-0.738888,-0.134663,-0.660235,19,1
2,-0.78335,-0.051309,-0.619459,19,2
3,-0.738317,0.048251,-0.672726,19,3
4,-0.812965,-0.096063,-0.574334,19,4
5,-0.822994,-0.1584,-0.545518,19,5
6,-0.661123,-0.02772,-0.749765,19,6
7,-0.857255,-0.165716,-0.487495,19,7
8,-0.697531,0.08981,-0.710904,19,8
9,-0.800502,0.013624,-0.599175,19,9
10,-0.839741,0.020321,-0.542607,19,10
11,-0.862544,-0.032949,-0.504909,19,11
12,-0.758412,-0.190741,-0.623241,19,12
13,-0.721171,-0.243618,-0.648508,19,13
14,-0.782542,-0.235116,-0.576496,19,14
15,-0.708481,-0.308427,-0.634766,19,15
16,-0.737173,0.122916,-0.66443,19,16
17,-0.675028,-0.234115,-0.699662,19,17
18,-0.648056,0.076272,-0.757764,19,18
19,-0.647342,-0.096231,-0.756101,19,19
20,-0.893189,-0.046882,-0.447232,19,20
21,-0.660067,-0.313282,-0.682763,19,21
22,-0.595016,-0.083944,-0.799318,19,22
23,-0.833505,0.088831,-0.545324,19,23
24,-0.551818,-0.043719,-0.832818,19,24
25,-0.752449,0.18095,-0.633307,19,25
26,-0.79174,0.14049,-0.594483,19,26
27,-0.711764,0.223281,-0.665987,19,27
28,-0.888122,-0.127085,-0.441689,19,28
29,-0.623016,-0.241429,-0.744018,19,29
0,-0.778058,-0.620607,0.097325,38,0
1,-0.844249,-0.518834,0.134369,38,1
2,-0.877361,-0.469948,0.096887,38,2
3,-0.859408,-0.509565,0.04197,38,3
4,-0.742535,-0.667186,0.059199,38,4
5,-0.904127,-0.423898,0.053514,38,5
6,-0.923491,-0.372014,0.093644,38,6
7,-0.696011,-0.716461,0.047454,38,7
8,-0.757008,-0.653364,-0.007402,38,8
9,-0.723987,-0.678238,0.125839,38,9
10,-0.833608,-0.513382,0.203806,38,10
11,-0.856534,-0.457642,0.238564,38,11
12,-0.809599,-0.521665,0.269098,38,12
13,-0.871498,-0.489869,-0.022804,38,13
14,-0.845123,-0.52964,-0.07245,38,14
15,-0.818742,-0.560039,-0.126561,38,15
16,-0.789509,-0.514549,0.334537,38,16
17,-0.686716,-0.704763,0.178129,38,17
18,-0.798744,-0.600756,0.033173,38,18
19,-0.684587,-0.686485,0.245109,38,19
20,-0.76313,-0.510585,0.396152,38,20
21,-0.747442,-0.568883,0.343077,38,21
22,-0.907524,-0.389114,0.158085,38,22
23,-0.742815,-0.665571,-0.0724,38,23
24,-0.737592,-0.64857,0.187923,38,24
25,-0.782933,-0.584885,0.211958,38,25
26,-0.753445,-0.643596,-0.134552,38,26
27,-0.636085,-0.747687,0.190682,38,27
0,-0.442465,-0.6476,0.620353,7,0
1,-0.437248,-0.723184,0.53462,7,1
2,-0.468753,-0.744424,0.475503,7,2
3,-0.409706,-0.781311,0.470844,7,3
4,-0.495305,-0.601494,0.626799,7,4
5,-0.397111,-0.627611,0.669633,7,5
6,-0.529053,-0.710121,0.464576,7,6
7,-0.55493,-0.574157,0.601994,7,7
8,-0.350744,-0.787116,0.507373,7,8
9,-0.30853,-0.76926,0.559508,7,9
10,-0.603655,-0.5256,0.599454,7,10
11,-0.584061,-0.666927,0.462689,7,11
12,-0.50224,-0.54721,0.669564,7,12
13,-0.360591,-0.595449,0.717923,7,13
14,-0.245158,-0.775397,0.581942,7,14
15,-0.549599,-0.732106,0.402445,7,15
16,-0.634949,-0.620184,0.460664,7,16
17,-0.282359,-0.732538,0.619404,7,17
18,-0.554474,-0.759177,0.340895,7,18
19,-0.299436,-0.595015,0.745852,7,19
20,-0.290218,-0.816271,0.499475,7,20
21,-0.346349,-0.823377,0.449547,7,21
22,-0.640453,-0.5427,0.543411,7,22
23,-0.619285,-0.673048,0.404341,7,23
24,-0.334241,-0.656273,0.676453,7,24
25,-0.449196,-0.538328,0.71304,7,25
26,-0.660077,-0.485413,0.5733,7,26
27,-0.67372,-0.557283,0.485321,7,27
28,-0.31297,-0.539918,0.781369,7,28
29,-0.609354,-0.725151,0.320693,7,29
30,-0.557211,-0.64476,0.523259,7,30
0,-0.528116,0.173669,-0.831224,6,0
1,-0.524423,0.24239,-0.816228,6,1
2,-0.467755,0.18703,-0.863843,6,2
3,-0.444696,0.125589,-0.886833,6,3
4,-0.50526,0.308575,-0.805912,6,4
5,-0.641804,0.168126,-0.748213,6,5
6,-0.406543,0.201576,-0.891117,6,6
7,-0.538631,0.104202,-0.836073,6,7
8,-0.511212,0.370094,-0.775689,6,8
9,-0.503702,0.050251,-0.862415,6,9
10,-0.588033,0.064004,-0.8063,6,10
11,-0.492858,-0.016662,-0.86995,6,11
12,-0.67805,0.209257,-0.704599,6,12
13,-0.717193,0.237025,-0.655327,6,13
14,-0.491439,0.430863,-0.756865,6,14
15,-0.616446,0.003605,-0.787389,6,15
16,-0.68988,0.300515,-0.658602,6,16
17,-0.578228,0.258621,-0.773801,6,17
18,-0.649396,0.354533,-0.672749,6,18
19,-0.669163,0.012602,-0.743009,6,19
20,-0.384003,0.118391,-0.91571,6,20
21,-0.748299,0.177657,-0.639129,6,21
22,-0.561978,0.385851,-0.731642,6,22
23,-0.718368,0.018641,-0.695414,6,23
24,-0.755929,0.25387,-0.603424,6,24
25,-0.534628,-0.063588,-0.842692,6,25
26,-0.79504,0.213579,-0.567711,6,26
27,-0.58671,-0.086879,-0.805123,6,27
28,-0.555766,-0.000585,-0.831339,6,28
0,-0.7848,0.606518,0.12738,11,0
1,-0.858274,0.510056,0.05665,11,1
2,-0.890371,0.45429,0.029336,11,2
3,-0.847034,0.531456,-0.009355,11,3
4,-0.845104,0.528811,-0.078476,11,4
5,-0.872069,0.475348,0.116363,11,5
6,-0.855233,0.484486,0.183981,11,6
7,-0.820713,0.522135,0.231959,11,7
8,-0.743066,0.64875,0.164247,11,8
9,-0.86738,0.438944,0.234479,11,9
10,-0.807625,0.589612,-0.009987,11,10
11,-0.700938,0.682712,0.206371,11,11
12,-0.764726,0.644352,-0.002282,11,12
13,-0.918843,0.392515,0.040738,11,13
14,-0.880006,0.470753,-0.063096,11,14
15,-0.810335,0.57417,-0.116987,11,15
16,-0.768477,0.626039,-0.132356,11,16
17,-0.711134,0.692604,0.120782,11,17
18,-0.725293,0.670249,-0.157217,11,18
19,-0.891001,0.424768,0.160276,11,19
20,-0.919864,0.364818,0.144074,11,20
21,-0.654977,0.716128,0.241177,11,21
22,-0.719952,0.693775,-0.018569,11,22
23,-0.786427,0.547232,0.28648,11,23
24,-0.878591,0.388528,0.277713,11,24
25,-0.934727,0.355119,-0.013246,11,25
26,-0.843839,0.435776,0.313105,11,26
27,-0.941951,0.327744,-0.072888,11,27
28,-0.709693,0.65181,0.267358,11,28
0,0.724763,-0.29887,0.620802,0,0
1,0.75138,-0.163735,0.639233,0,1
2,0.793429,-0.129193,0.594794,0,2
3,0.769515,-0.076639,0.634014,0,3
4,0.674725,-0.323185,0.663549,0,4
5,0.74841,-0.018295,0.662984,0,5
6,0.823473,-0.165369,0.542721,0,6
7,0.855813,-0.182748,0.483929,0,7
8,0.88474,-0.194107,0.423743,0,8
9,0.633439,-0.29828,0.713992,0,9
10,0.714693,-0.06846,0.69608,0,10
11,0.724563,-0.360406,0.587466,0,11
12,0.70719,-0.20932,0.675328,0,12
13,0.581432,-0.33097,0.743233,0,13
14,0.649458,-0.386915,0.6546,0,14
15,0.60917,-0.246785,0.753664,0,15
16,0.662667,-0.436408,0.608623,0,16
17,0.698904,-0.453765,0.552839,0,17
18,0.738565,-0.455376,0.497147,0,18
19,0.663991,-0.509412,0.547372,0,19
20,0.771157,-0.283845,0.569868,0,20
21,0.613905,-0.179349,0.768736,0,21
22,0.799405,-0.312777,0.512954,0,22
23,0.821951,-0.073884,0.564746,0,23
24,0.868406,-0.115053,0.482322,0,24
25,0.912141,-0.186801,0.364834,0,25
26,0.838035,-0.269701,0.474299,0,26
27,0.773725,-0.397397,0.493382,0,27
0,0.37168,0.12551,-0.919837,23,0
1,0.332376,-0.005463,-0.943131,23,1
2,0.34729,-0.073289,-0.93489,23,2
3,0.282232,-0.08813,-0.95529,23,3
4,0.329648,0.181377,-0.926517,23,4
5,0.430223,0.149957,-0.89018,23,5
6,0.26662,-0.154154,-0.951394,23,6
7,0.474406,0.097946,-0.87484,23,7
8,0.50977,0.149925,-0.847147,23,8
9,0.386499,-0.125892,-0.913657,23,9
10,0.262938,0.189322,-0.946055,23,10
11,0.432823,-0.166623,-0.885946,23,11
12,0.234797,0.127704,-0.963619,23,12
13,0.422718,0.218065,-0.879635,23,13
14,0.422379,-0.067493,-0.903903,23,14
15,0.219746,0.242295,-0.944989,23,15
16,0.491917,-0.169713,-0.853941,23,16
17,0.530156,-0.115553,-0.839989,23,17
18,0.543997,-0.049177,-0.837645,23,18
19,0.199427,0.06893,-0.977485,23,19
20,0.507694,0.216809,-0.833811,23,20
21,0.156054,0.223907,-0.962036,23,21
22,0.436982,0.279226,-0.855032,23,22
23,0.422898,0.061113,-0.904114,23,23
24,0.202296,-0.000842,-0.979324,23,24
25,0.476647,0.024665,-0.878749,23,25
26,0.539713,0.018913,-0.841636,23,26
27,0.144305,-0.035177,-0.988908,23,27
28,0.185542,-0.089421,-0.978559,23,28
0,-0.598482,0.723174,-0.34473,9,0
1,-0.516681,0.76601,-0.382452,9,1
2,-0.649532,0.696493,-0.304969,9,2
3,-0.473068,0.764645,-0.437635,9,3
4,-0.433059,0.807694,-0.400112,9,4
5,-0.388541,0.802515,-0.452774,9,5
6,-0.691566,0.644822,-0.325486,9,6
7,-0.426305,0.838827,-0.338574,9,7
8,-0.458315,0.735203,-0.499423,9,8
9,-0.709304,0.655248,-0.25988,9,9
10,-0.673057,0.628039,-0.390591,9,10
11,-0.419543,0.719241,-0.553784,9,11
12,-0.465086,0.672135,-0.576134,9,12
13,-0.564159,0.768075,-0.302962,9,13
14,-0.681265,0.582961,-0.442757,9,14
15,-0.436524,0.857209,-0.273203,9,15
16,-0.360297,0.727753,-0.583577,9,16
17,-0.71252,0.67404,-0.1949,9,17
18,-0.384379,0.889174,-0.248238,9,18
19,-0.629205,0.613833,-0.47677,9,19
20,-0.512764,0.623934,-0.589728,9,20
21,-0.728711,0.553222,-0.40364,9,21
22,-0.551938,0.798037,-0.241872,9,22
23,-0.648841,0.560349,-0.514796,9,23
0,-0.087345,-0.625951,0.774956,39,0
1,-0.07992,-0.570396,0.817473,39,1
2,-0.011114,-0.564598,0.825292,39,2
3,-0.08425,-0.679246,0.729059,39,3
4,-0.014441,-0.506354,0.862205,39,4
5,-0.14348,-0.701349,0.698228,39,5
6,-0.212469,-0.689054,0.692865,39,6
7,-0.028535,-0.711039,0.702573,39,7
8,-0.275758,-0.659707,0.699102,39,8
9,-0.33381,-0.669131,0.663953,39,9
10,-0.331948,-0.715832,0.614325,39,10
11,0.015571,-0.746513,0.665188,39,11
12,-0.136594,-0.532797,0.835146,39,12
13,-0.291788,-0.605501,0.740424,39,13
14,-0.287963,-0.550561,0.783556,39,14
15,-0.343861,-0.511522,0.787467,39,15
16,-0.016626,-0.446907,0.894426,39,16
17,-0.331775,-0.456142,0.825748,39,17
18,-0.35608,-0.584317,0.729233,39,18
19,-0.25531,-0.718336,0.647156,39,19
20,0.057113,-0.70791,0.703989,39,20
21,-0.251011,-0.507494,0.824284,39,21
22,0.043041,-0.599016,0.799579,39,22
23,-0.037689,-0.774269,0.631734,39,23
24,-0.305066,-0.761354,0.57208,39,24
25,-0.083767,-0.434399,0.896817,39,25
0,-0.560395,0.472937,-0.679918,46,0
1,-0.587593,0.347096,-0.73093,46,1
2,-0.616653,0.457848,-0.640401,46,2
3,-0.506447,0.416777,-0.754856,46,3
4,-0.513386,0.524901,-0.678906,46,4
5,-0.579048,0.285796,-0.76356,46,5
6,-0.668218,0.446545,-0.595048,46,6
7,-0.444999,0.434697,-0.782952,46,7
8,-0.508777,0.579335,-0.636802,46,8
9,-0.697546,0.471961,-0.53915,46,9
10,-0.742415,0.426231,-0.516863,46,10
11,-0.526696,0.617835,-0.583842,46,11
12,-0.64295,0.328937,-0.691676,46,12
13,-0.456799,0.622729,-0.635251,46,13
14,-0.528928,0.264054,-0.806543,46,14
15,-0.394779,0.482056,-0.782159,46,15
16,-0.704722,0.387412,-0.594373,46,16
17,-0.359538,0.439742,-0.823019,46,17
18,-0.469876,0.264986,-0.842021,46,18
19,-0.750897,0.360826,-0.553135,46,19
20,-0.593108,0.518822,-0.615668,46,20
21,-0.604356,0.221849,-0.765204,46,21
22,-0.312209,0.40844,-0.857731,46,22
23,-0.463985,0.508089,-0.725647,46,23
24,-0.657411,0.219123,-0.720969,46,24
25,-0.568135,0.178745,-0.803289,46,25
26,-0.640536,0.16098,-0.750866,46,26
27,-0.648107,0.514136,-0.561803,46,27
0,-0.066439,0.930946,-0.359063,12,0
1,0.05426,0.904843,-0.422274,12,1
2,-0.096795,0.94939,-0.298813,12,2
3,0.097875,0.877417,-0.469638,12,3
4,-0.159915,0.949111,-0.271321,12,4
5,0.064556,0.931533,-0.357881,12,5
6,0.106908,0.946444,-0.304655,12,6
7,0.130619,0.844026,-0.520153,12,7
8,-0.046833,0.888218,-0.457028,12,8
9,-0.18972,0.925037,-0.32911,12,9
10,-0.249276,0.921327,-0.298358,12,10
11,0.115978,0.964089,-0.238919,12,11
12,0.182782,0.85938,-0.477554,12,12
13,-0.031169,0.85546,-0.51693,12,13
14,0.115909,0.808686,-0.576708,12,14
15,-0.192821,0.898924,-0.393389,12,15
16,-0.089805,0.832849,-0.546166,12,16
17,0.16846,0.928507,-0.330902,12,17
18,0.047852,0.809214,-0.585562,12,18
19,-0.06511,0.968587,-0.24,12,19
20,-0.010799,0.979945,-0.198976,12,20
21,-0.046104,0.805044,-0.591421,12,21
22,-0.154426,0.814788,-0.558814,12,22
23,0.159079,0.892495,-0.422075,12,23
24,0.050538,0.85503,-0.51611,12,24
25,-0.195764,0.956736,-0.21525,12,25
26,0.182534,0.803312,-0.566896,12,26
27,-0.019189,0.950349,-0.310594,12,27
28,0.129197,0.976135,-0.17455,12,28
29,-0.189006,0.777206,-0.60019,12,29
30,0.195023,0.942884,-0.270065,12,30
0,-0.222233,0.00447,0.974983,4,0
1,-0.242437,-0.06261,0.968145,4,1
2,-0.300488,-0.097013,0.948839,4,2
3,-0.180685,0.060767,0.981662,4,3
4,-0.29686,0.097734,0.949906,4,4
5,-0.118902,0.091024,0.988725,4,5
6,-0.191923,-0.109719,0.975258,4,6
7,-0.335787,0.15219,0.929562,4,7
8,-0.400458,0.149451,0.904045,4,8
9,-0.35509,-0.055795,0.933165,4,9
10,-0.069495,0.137282,0.988091,4,10
11,-0.390492,-0.111973,0.913771,4,11
12,-0.41553,0.212707,0.884359,4,12
13,-0.475638,0.197163,0.85726,4,13
14,-0.366026,0.013614,0.930505,4,14
15,-0.41904,0.05228,0.906461,4,15
16,-0.140387,-0.153824,0.978075,4,16
17,-0.083764,0.031846,0.995977,4,17
18,-0.191294,0.129468,0.972957,4,18
19,-0.45169,-0.118602,0.884256,4,19
20,-0.4238,-0.051596,0.904285,4,20
21,-0.474421,0.021125,0.880045,4,21
22,-0.498114,-0.072529,0.864073,4,22
23,-0.113384,-0.213441,0.970354,4,23
24,-0.050903,0.200713,0.978327,4,24
25,-0.2048,0.196008,0.958977,4,25
26,-0.13104,0.165101,0.977533,4,26
27,-0.156942,-0.017092,0.98746,4,27
28,-0.471438,0.131432,0.872051,4,28
29,-0.081858,-0.120278,0.98936,4,29
30,-0.366769,-0.176384,0.913438,4,30
31,-0.468081,0.261639,0.844065,4,31
0,0.564021,0.66326,-0.491901,1,0
1,0.462327,0.682369,-0.566239,1,1
2,0.611348,0.657324,-0.440658,1,2
3,0.476401,0.631165,-0.612105,1,3
4,0.534981,0.594588,-0.600217,1,4
5,0.575993,0.708328,-0.408048,1,5
6,0.578127,0.541732,-0.610161,1,6
7,0.63227,0.522238,-0.572278,1,7
8,0.650606,0.6551,-0.38413,1,8
9,0.426645,0.619622,-0.658819,1,9
10,0.62687,0.701616,-0.338775,1,10
11,0.53233,0.755921,-0.381061,1,11
12,0.450663,0.564468,-0.691577,1,12
13,0.680441,0.510929,-0.52531,1,13
14,0.496516,0.798539,-0.340305,1,14
15,0.453309,0.741523,-0.494625,1,15
16,0.615995,0.735823,-0.281275,1,16
17,0.403052,0.720032,-0.564892,1,17
18,0.440597,0.814136,-0.378229,1,18
19,0.349984,0.760915,-0.546369,1,19
20,0.32883,0.803508,-0.496231,1,20
21,0.680738,0.602364,-0.416838,1,21
22,0.379652,0.685859,-0.620856,1,22
23,0.380953,0.828605,-0.41023,1,23
24,0.409359,0.785967,-0.463336,1,24
25,0.596998,0.609197,-0.521989,1,25
26,0.612514,0.759165,-0.220216,1,26
27,0.35161,0.651203,-0.672536,1,27
0,0.552129,-0.288111,0.782397,42,0
1,0.613233,-0.333798,0.715908,42,1
2,0.53102,-0.41642,0.737979,42,2
3,0.487856,-0.384504,0.783679,42,3
4,0.521595,-0.478183,0.706598,42,4
5,0.663013,-0.339622,0.667136,42,5
6,0.549305,-0.222227,0.80553,42,6
7,0.662134,-0.400603,0.633321,42,7
8,0.701007,-0.283117,0.654549,42,8
9,0.490868,-0.219021,0.843255,42,9
10,0.493952,-0.152218,0.856061,42,10
11,0.437271,-0.195227,0.877884,42,11
12,0.597512,-0.178196,0.781809,42,12
13,0.438755,-0.356429,0.824895,42,13
14,0.601739,-0.111474,0.790876,42,14
15,0.510325,-0.536434,0.672165,42,15
16,0.703216,-0.410802,0.580283,42,16
17,0.639213,-0.463099,0.61396,42,17
18,0.441834,-0.26663,0.856558,42,18
19,0.738368,-0.304381,0.601801,42,19
20,0.552854,-0.554772,0.621756,42,20
21,0.395721,-0.410725,0.821407,42,21
22,0.623834,-0.231817,0.746386,42,22
23,0.61175,-0.047015,0.789652,42,23
24,0.653293,-0.122565,0.747119,42,24
25,0.371483,-0.356796,0.857145,42,25
26,0.579959,-0.453258,0.676908,42,26
27,0.45924,-0.524089,0.717238,42,27
28,0.397764,-0.536921,0.743975,42,28
29,0.323486,-0.322951,0.889415,42,29
0,0.74766,-0.232124,0.622192,0,0
1,0.504459,0.695816,-0.511235,1,0
2,-0.427621,0.696095,-0.576707,2,0
3,0.381326,-0.159702,0.910541,3,0
4,-0.286351,0.02838,0.957704,4,0
5,0.85159,0.277684,0.444618,5,0
6,-0.586155,0.174946,-0.791085,6,0
7,-0.477257,-0.673375,0.564617,7,0
8,-0.667257,-0.192518,-0.719517,8,0
9,-0.563852,0.719136,-0.406097,9,0
10,0.036168,0.948396,0.31502,10,0
11,-0.825076,0.556415,0.098245,11,0
12,-0.012428,0.915628,-0.401835,12,0
13,0.707266,0.069708,0.703503,13,0
14,-0.217614,0.853976,-0.472619,14,0
15,-0.273017,0.569425,0.775382,15,0
16,-0.691,0.721648,0.04175,16,0
17,-0.765089,-0.568878,0.301691,17,0
18,0.645863,-0.250093,-0.721328,18,0
19,-0.737944,-0.065032,-0.671721,19,0
20,-0.389386,0.700208,0.598404,20,0
21,0.829038,-0.551246,0.093933,21,0
22,-0.431968,0.900845,0.043391,22,0
23,0.341376,0.06433,-0.937723,23,0
24,-0.101706,0.704276,0.702604,24,0
25,0.566269,-0.552825,0.611329,25,0
26,0.50713,-0.528768,0.680605,26,0
27,-0.65556,-0.117551,0.745937,27,0
28,0.717322,-0.369692,-0.590573,28,0
29,0.854391,-0.325013,0.405441,29,0
30,0.929895,0.180573,0.320452,30,0
31,0.64208,-0.108196,0.758964,31,0
32,-0.268268,0.831421,0.486592,32,0
33,0.82201,-0.035021,-0.568396,33,0
34,0.634613,0.592154,-0.496609,34,0
35,0.924912,0.34243,-0.165162,35,0
36,0.315126,-0.576888,0.753589,36,0
37,-0.568034,-0.15626,-0.808035,37,0
38,-0.804397,-0.576049,0.145306,38,0
39,-0.157343,-0.622584,0.766571,39,0
40,-0.727773,-0.685767,-0.008355,40,0
41,0.371328,0.691051,0.620132,41,0
42,0.555995,-0.35212,0.752915,42,0
43,-0.36245,-0.568056,-0.738879,43,0
44,0.19217,-0.581337,-0.790644,44,0
45,0.438495,-0.707424,0.554323,45,0
46,-0.564624,0.41195,-0.71519,46,0
47,0.708769,-0.704623,0.033955,47,0
48,-0.633675,-0.508714,0.582809,48,0
49,0.426829,0.287233,0.857505,49,0
0,-0.034249,0.721714,0.691344,24,0
1,-0.029627,0.768516,0.639144,24,1
2,-0.084133,0.6555,0.750494,24,2
3,-0.086964,0.791017,0.605582,24,3
4,-0.04908,0.826751,0.560423,24,4
5,-0.171519,0.694755,0.698496,24,5
6,-0.033208,0.620584,0.783436,24,6
7,-0.239858,0.686488,0.686442,24,7
8,-0.138175,0.617509,0.774332,24,8
9,0.029215,0.644987,0.763635,24,9
10,0.096641,0.651813,0.752197,24,10
11,0.039626,0.771955,0.634441,24,11
12,0.019153,0.831951,0.554518,24,12
13,-0.136846,0.562132,0.815648,24,13
14,-0.151949,0.799239,0.581487,24,14
15,0.107455,0.763982,0.636227,24,15
16,-0.294702,0.648011,0.702305,24,16
17,-0.336021,0.600107,0.725921,24,17
18,-0.214545,0.643019,0.735185,24,18
19,-0.092741,0.852409,0.514586,24,19
20,0.019175,0.585291,0.810597,24,20
21,-0.204499,0.563348,0.800512,24,21
22,0.047437,0.725884,0.68618,24,22
23,-0.27436,0.720531,0.636837,24,23
24,-0.214011,0.805522,0.55257,24,24
25,-0.187043,0.510515,0.839279,24,25
26,-0.338559,0.702746,0.62572,24,26
27,-0.139216,0.473858,0.869527,24,27
0,-0.75769,-0.649742,-0.061162,40,0
1,-0.679367,-0.73373,0.010024,40,1
2,-0.780528,-0.614117,-0.116778,40,2
3,-0.732069,-0.67843,0.061709,40,3
4,-0.778025,-0.625157,0.062092,40,4
5,-0.808114,-0.579631,0.104783,40,5
6,-0.752773,-0.633936,-0.177363,40,6
7,-0.703806,-0.699823,0.122085,40,7
8,-0.709869,-0.669777,-0.217911,40,8
9,-0.810105,-0.583056,-0.061449,40,9
10,-0.660418,-0.717763,-0.220597,40,10
11,-0.846634,-0.526799,-0.075452,40,11
12,-0.627258,-0.778474,0.022926,40,12
13,-0.598758,-0.800085,-0.036788,40,13
14,-0.543546,-0.83814,-0.045599,40,14
15,-0.606754,-0.789988,0.088139,40,15
16,-0.774017,-0.613964,0.154742,40,16
17,-0.617098,-0.780375,-0.101018,40,17
18,-0.739148,-0.640717,0.207708,40,18
19,-0.612376,-0.775181,0.155208,40,19
20,-0.529271,-0.848205,0.020503,40,20
21,-0.670419,-0.725907,-0.153616,40,21
22,-0.802797,-0.572534,-0.166498,40,22
23,-0.699576,-0.667225,0.255742,40,23
24,-0.84331,-0.533163,0.06757,40,24
25,-0.87454,-0.48384,0.032842,40,25
26,-0.706784,-0.649157,-0.281161,40,26
27,-0.653008,-0.732757,0.191437,40,27
28,-0.595761,-0.785889,-0.165674,40,28
0,0.656835,0.059058,0.751718,13,0
1,0.615658,0.107942,0.780586,13,1
2,0.732959,0.12542,0.668611,13,2
3,0.773251,0.083884,0.628528,13,3
4,0.603939,0.17656,0.777228,13,4
5,0.712043,-0.000695,0.702136,13,5
6,0.804529,0.123677,0.580894,13,6
7,0.70489,-0.070122,0.705842,13,7
8,0.797832,0.191898,0.571524,13,8
9,0.789893,0.017569,0.612994,13,9
10,0.582396,0.054805,0.811056,13,10
11,0.662859,-0.113017,0.740165,13,11
12,0.717512,0.193776,0.669049,13,12
13,0.703546,0.260744,0.661086,13,13
14,0.621815,-0.073344,0.779722,13,14
15,0.542839,0.006949,0.839808,13,15
16,0.829788,0.006833,0.558036,13,16
17,0.812616,-0.056535,0.58005,13,17
18,0.496594,0.048376,0.866634,13,18
19,0.654886,0.294243,0.696093,13,19
20,0.695423,-0.158908,0.700811,13,20
21,0.769146,0.252584,0.587041,13,21
22,0.548647,0.192945,0.813485,13,22
23,0.842502,0.12301,0.52446,13,23
24,0.716114,0.314773,0.622976,13,24
25,0.645846,0.211361,0.733628,13,25
26,0.857956,0.047912,0.511483,13,26
27,0.888571,0.059906,0.45481,13,27
28,0.673951,0.3622,0.643895,13,28
29,0.740274,-0.170534,0.650317,13,29
30,0.689333,-0.223502,0.689105,13,30
0,-0.015433,0.96298,0.26913,10,0
1,0.078868,0.962233,0.260554,10,1
2,0.104187,0.974925,0.19664,10,2
3,-0.05085,0.943683,0.326919,10,3
4,0.085538,0.928493,0.361364,10,4
5,0.037597,0.911329,0.409958,10,5
6,0.136869,0.905083,0.402605,10,6
7,0.013528,0.883244,0.468719,10,7
8,0.199122,0.884154,0.422638,10,8
9,0.170462,0.969172,0.177897,10,9
10,-0.088543,0.92034,0.380965,10,10
11,0.150415,0.930313,0.334504,10,11
12,0.044164,0.852261,0.52125,10,12
13,-0.107585,0.95187,0.286999,10,13
14,0.244006,0.85315,0.461082,10,14
15,-0.022976,0.979235,0.201421,10,15
16,-0.014225,0.990885,0.133954,10,16
17,0.157826,0.981111,0.111861,10,17
18,-0.156091,0.909326,0.385697,10,18
19,0.109557,0.858782,0.500491,10,19
20,-0.161648,0.955957,0.244983,10,20
21,-0.022763,0.845186,0.533988,10,21
22,-0.086177,0.981056,0.173499,10,22
23,0.261184,0.880932,0.39464,10,23
24,-0.090678,0.843275,0.529779,10,24
25,0.210972,0.930099,0.300676,10,25
26,-0.17004,0.969128,0.17854,10,26
27,-0.220255,0.965768,0.137043,10,27
28,0.235837,0.953019,0.190092,10,28
29,0.275788,0.917673,0.286038,10,29
0,-0.710679,-0.216581,-0.669348,8,0
1,-0.68238,-0.280803,-0.674913,8,1
2,-0.757422,-0.189248,-0.624898,8,2
3,-0.643912,-0.33794,-0.686421,8,3
4,-0.684849,-0.358617,-0.634331,8,4
5,-0.650949,-0.417607,-0.633932,8,5
6,-0.685471,-0.124363,-0.7174,8,6
7,-0.790334,-0.134621,-0.597703,8,7
8,-0.646001,-0.083554,-0.75875,8,8
9,-0.681445,-0.030222,-0.731245,8,9
10,-0.591232,-0.093865,-0.801021,8,10
11,-0.730316,-0.020497,-0.682802,8,11
12,-0.579331,-0.162765,-0.798676,8,12
13,-0.82353,-0.160452,-0.544109,8,13
14,-0.521885,-0.176578,-0.83454,8,14
15,-0.749003,-0.257202,-0.610607,8,15
16,-0.733649,-0.33567,-0.590834,8,16
17,-0.598685,-0.427939,-0.677085,8,17
18,-0.666246,0.034707,-0.744924,8,18
19,-0.659992,0.100331,-0.744543,8,19
20,-0.609043,-0.300422,-0.734039,8,20
21,-0.858916,-0.147995,-0.490265,8,21
22,-0.790669,-0.06633,-0.60864,8,22
23,-0.491277,-0.238307,-0.837769,8,23
24,-0.58266,-0.026619,-0.81228,8,24
25,-0.557033,-0.338983,-0.758158,8,25
26,-0.547397,-0.24703,-0.799583,8,26
27,-0.750503,-0.114633,-0.650849,8,27
28,-0.496013,-0.118703,-0.860163,8,28
0,0.819618,0.267378,0.50669,5,0
1,0.878015,0.214404,0.427926,5,1
2,0.877622,0.149922,0.455306,5,2
3,0.799185,0.224111,0.557743,5,3
4,0.89251,0.254898,0.372091,5,4
5,0.889054,0.313517,0.333603,5,5
6,0.799759,0.334465,0.498517,5,6
7,0.862272,0.378079,0.336963,5,7
8,0.774178,0.399003,0.49137,5,8
9,0.759829,0.337694,0.555539,5,9
10,0.865967,0.41478,0.279389,5,10
11,0.729059,0.429279,0.533097,5,11
12,0.829555,0.392629,0.397091,5,12
13,0.908633,0.123089,0.399043,5,13
14,0.934313,0.090516,0.34477,5,14
15,0.919451,0.243239,0.30894,5,15
16,0.943079,0.189618,0.273217,5,16
17,0.903333,0.059874,0.424741,5,17
18,0.822659,0.44542,0.353317,5,18
19,0.922351,0.288574,0.256895,5,19
20,0.682765,0.467651,0.561369,5,20
21,0.947966,0.03239,0.316719,5,21
22,0.884681,0.413775,0.214777,5,22
23,0.737522,0.473795,0.481228,5,23
24,0.855351,0.108707,0.506515,5,24
25,0.758773,0.267767,0.593771,5,25
26,0.777519,0.177429,0.60331,5,26
27,0.714754,0.375603,0.589957,5,27
0,0.292429,-0.632796,0.716976,36,0
1,0.353296,-0.522041,0.776308,36,1
2,0.250749,-0.680924,0.688089,36,2
3,0.211589,-0.64533,0.734016,36,3
4,0.40961,-0.537553,0.737059,36,4
5,0.343901,-0.653808,0.673993,36,5
6,0.277091,-0.536434,0.797157,36,6
7,0.21318,-0.525603,0.823587,36,7
8,0.145258,-0.532612,0.833801,36,8
9,0.366482,-0.461163,0.808096,36,9
10,0.397049,-0.402119,0.825016,36,10
11,0.406586,-0.648092,0.643944,36,11
12,0.454196,-0.414966,0.788358,36,12
13,0.079139,-0.528496,0.845239,36,13
14,0.467165,-0.615987,0.634284,36,14
15,0.242267,-0.729227,0.639949,36,15
16,0.470576,-0.508787,0.720898,36,16
17,0.431798,-0.681851,0.590449,36,17
18,0.497661,-0.549026,0.671493,36,18
19,0.432863,-0.346214,0.832325,36,19
20,0.356017,-0.361609,0.861679,36,20
21,0.182871,-0.758187,0.625868,36,21
22,0.292216,-0.381913,0.876785,36,22
23,0.150783,-0.628341,0.763185,36,23
24,0.129531,-0.737262,0.663074,36,24
25,0.23465,-0.776043,0.585403,36,25
26,0.298511,-0.740777,0.601782,36,26
0,-0.176537,0.83215,-0.5257,14,0
1,-0.215561,0.88629,-0.409906,14,1
2,-0.199587,0.791328,-0.577897,14,2
3,-0.147459,0.902794,-0.404004,14,3
4,-0.265191,0.767638,-0.583442,14,4
5,-0.081564,0.917905,-0.388327,14,5
6,-0.2793,0.8251,-0.491123,14,6
7,-0.270439,0.890295,-0.366385,14,7
8,-0.278765,0.722376,-0.632821,14,8
9,-0.247795,0.918763,-0.307362,14,9
10,-0.022966,0.905886,-0.422899,14,10
11,-0.140176,0.778687,-0.611553,14,11
12,-0.329114,0.741209,-0.585059,14,12
13,-0.215874,0.719002,-0.660631,14,13
14,-0.030302,0.874468,-0.484137,14,14
15,-0.336642,0.872402,-0.354383,14,15
16,-0.343084,0.797115,-0.496891,14,16
17,-0.048858,0.94144,-0.333622,14,17
18,-0.184747,0.919423,-0.347174,14,18
19,-0.391812,0.756673,-0.523382,14,19
20,-0.078235,0.958384,-0.274552,14,20
21,-0.408201,0.786666,-0.463173,14,21
22,-0.002775,0.842618,-0.538504,14,22
23,-0.308807,0.909874,-0.277068,14,23
24,-0.412073,0.817893,-0.401556,14,24
25,-0.007514,0.958373,-0.285421,14,25
26,-0.077762,0.767281,-0.636579,14,26
27,-0.390982,0.865038,-0.314392,14,27
28,0.031937,0.809912,-0.585681,14,28
29,-0.384157,0.70424,-0.597051,14,29
30,-0.11994,0.877836,-0.4637,14,30
0,-0.378234,0.921889,0.084025,22,0
1,-0.325688,0.936826,0.127608,22,1
2,-0.469677,0.877356,0.098233,22,2
3,-0.512888,0.857202,0.046368,22,3
4,-0.398175,0.917163,-0.016384,22,4
5,-0.434435,0.897714,-0.073318,22,5
6,-0.375488,0.921149,-0.10244,22,6
7,-0.508339,0.848232,0.148639,22,7
8,-0.313227,0.945982,-0.083712,22,8
9,-0.484388,0.86773,-0.111413,22,9
10,-0.487512,0.846311,0.214686,22,10
11,-0.539681,0.831684,-0.130565,22,11
12,-0.530165,0.847636,-0.020942,22,12
13,-0.386127,0.906906,-0.168604,22,13
14,-0.322167,0.94542,0.048891,22,14
15,-0.566687,0.812158,0.138799,22,15
16,-0.332794,0.922578,0.195186,22,16
17,-0.587355,0.809032,-0.021939,22,17
18,-0.639133,0.769083,-0.004519,22,18
19,-0.262422,0.961657,0.079691,22,19
20,-0.323367,0.928087,-0.18463,22,20
21,-0.53875,0.808102,0.238157,22,21
22,-0.499078,0.846869,-0.18367,22,22
23,-0.249002,0.963617,-0.097162,22,23
24,-0.617251,0.771131,0.156074,22,24
25,-0.411676,0.900192,0.142045,22,25
26,-0.585493,0.794407,-0.161601,22,26
27,-0.364281,0.896879,0.250815,22,27
28,-0.270127,0.938184,0.216433,22,28
29,-0.259398,0.946455,-0.192184,22,29
30,-0.599944,0.796016,0.080162,22,30
0,0.72784,-0.419932,-0.542131,28,0
1,0.697011,-0.323515,-0.639933,28,1
2,0.759307,-0.317677,-0.567922,28,2
3,0.799353,-0.317126,-0.510358,28,3
4,0.807846,-0.366442,-0.461633,28,4
5,0.684772,-0.266395,-0.678323,28,5
6,0.728457,-0.472499,-0.49608,28,6
7,0.800103,-0.255184,-0.542878,28,7
8,0.696728,-0.531952,-0.481246,28,8
9,0.680482,-0.2029,-0.704114,28,9
10,0.668798,-0.412784,-0.618319,28,10
11,0.712371,-0.145067,-0.686647,28,11
12,0.7706,-0.222586,-0.597186,28,12
13,0.640941,-0.171215,-0.748251,28,13
14,0.615541,-0.430904,-0.659872,28,14
15,0.737682,-0.523306,-0.426588,28,15
16,0.818447,-0.189148,-0.542557,28,16
17,0.848399,-0.212149,-0.484987,28,17
18,0.634751,-0.246538,-0.732332,28,18
19,0.733146,-0.566257,-0.376629,28,19
20,0.581866,-0.396678,-0.709985,28,20
21,0.880972,-0.17923,-0.437911,28,21
22,0.780451,-0.471721,-0.410336,28,22
23,0.6464,-0.329777,-0.688051,28,23
24,0.843531,-0.313232,-0.436282,28,24
25,0.663357,-0.4719,-0.580748,28,25
26,0.534711,-0.445288,-0.718195,28,26
27,0.63921,-0.531633,-0.555677,28,27
28,0.553264,-0.492547,-0.671786,28,28
29,0.507974,-0.541272,-0.670066,28,29
30,0.671623,-0.586942,-0.452131,28,30
0,0.534093,-0.521236,0.665626,25,0
1,0.474968,-0.530646,0.702012,25,1
2,0.606036,-0.569404,0.555427,25,2
3,0.61003,-0.497699,0.61657,25,3
4,0.650601,-0.570205,0.501582,25,4
5,0.453311,-0.588722,0.669265,25,5
6,0.573746,-0.62574,0.528456,25,6
7,0.518704,-0.668676,0.532746,25,7
8,0.417015,-0.529029,0.739072,25,8
9,0.694725,-0.561273,0.449811,25,9
10,0.660196,-0.451924,0.599921,25,10
11,0.732143,-0.504137,0.458053,25,11
12,0.465598,-0.711804,0.525884,25,12
13,0.536018,-0.699005,0.473367,25,13
14,0.63407,-0.414501,0.652797,25,14
15,0.498543,-0.470327,0.728181,25,15
16,0.592573,-0.391937,0.703734,25,16
17,0.699146,-0.395638,0.595539,25,17
18,0.398562,-0.630621,0.665932,25,18
19,0.390011,-0.485053,0.782698,25,19
20,0.606152,-0.32921,0.724017,25,20
21,0.40465,-0.730542,0.550061,25,21
22,0.432122,-0.661108,0.613357,25,22
23,0.466962,-0.749187,0.46975,25,23
24,0.466111,-0.430538,0.772902,25,24
25,0.724713,-0.567672,0.390563,25,25
26,0.686691,-0.345003,0.639866,25,26
27,0.344799,-0.534653,0.771531,25,27
28,0.370684,-0.687624,0.624313,25,28
29,0.360271,-0.600393,0.713955,25,29
30,0.663884,-0.616809,0.422854,25,30
31,0.407997,-0.779193,0.475812,25,31
0,-0.436744,0.735072,-0.518579,2,0
1,-0.36365,0.724618,-0.585396,2,1
2,-0.356299,0.680765,-0.640007,2,2
3,-0.422123,0.777987,-0.465347,2,3
4,-0.475431,0.772406,-0.421134,2,4
5,-0.484823,0.654864,-0.579741,2,5
6,-0.544693,0.625696,-0.558402,2,6
7,-0.36735,0.815957,-0.446394,2,7
8,-0.579583,0.57089,-0.581522,2,8
9,-0.574189,0.522758,-0.630104,2,9
10,-0.525101,0.514812,-0.677671,2,10
11,-0.361574,0.62974,-0.687526,2,11
12,-0.576938,0.468617,-0.668985,2,12
13,-0.302618,0.622123,-0.72207,2,13
14,-0.293823,0.711973,-0.637779,2,14
15,-0.239186,0.647529,-0.72353,2,15
16,-0.320486,0.769167,-0.552875,2,16
17,-0.455156,0.623694,-0.635483,2,17
18,-0.385229,0.838714,-0.384912,2,18
19,-0.533065,0.750468,-0.390691,2,19
20,-0.466284,0.544595,-0.697134,2,20
21,-0.177026,0.643945,-0.744309,2,21
22,-0.303385,0.840535,-0.448841,2,22
23,-0.230222,0.737573,-0.63481,2,23
24,-0.577209,0.703317,-0.414939,2,24
25,-0.611949,0.652855,-0.44643,2,25
26,-0.262988,0.80256,-0.535477,2,26
27,-0.618237,0.696955,-0.363368,2,27
28,-0.501482,0.727888,-0.467649,2,28
0,-0.660853,-0.185406,0.727254,27,0
1,-0.652584,-0.047787,0.756208,27,1
2,-0.698815,-0.220976,0.680314,27,2
3,-0.661378,-0.277375,0.69688,27,3
4,-0.667733,0.019417,0.744148,27,4
5,-0.607856,-0.286779,0.740452,27,5
6,-0.607021,-0.185478,0.772737,27,6
7,-0.71783,0.024345,0.695793,27,7
8,-0.56298,-0.148433,0.813032,27,8
9,-0.740827,-0.174805,0.648551,27,9
10,-0.540605,-0.086584,0.836809,27,10
11,-0.512862,-0.027155,0.858042,27,11
12,-0.721875,0.091627,0.685931,27,12
13,-0.755013,-0.106268,0.647041,27,13
14,-0.513895,-0.191255,0.836261,27,14
15,-0.767406,0.081436,0.635969,27,15
16,-0.779499,-0.194369,0.595485,27,16
17,-0.635833,0.075724,0.768103,27,17
18,-0.465346,0.01129,0.885057,27,18
19,-0.710757,-0.044592,0.702022,27,19
20,-0.767592,-0.261024,0.58538,27,20
21,-0.516688,0.044237,0.85503,27,21
22,-0.499756,-0.257816,0.826907,27,22
23,-0.787886,-0.055872,0.613281,27,23
24,-0.741186,-0.323478,0.588222,27,24
25,-0.808702,-0.231174,0.540888,27,25
26,-0.801028,-0.129677,0.584413,27,26
27,-0.567061,-0.340068,0.750197,27,27
28,-0.482541,-0.101444,0.869979,27,28
0,0.209028,-0.522862,-0.826391,44,0
1,0.22158,-0.627678,-0.746272,44,1
2,0.289314,-0.619468,-0.729765,44,2
3,0.239852,-0.465545,-0.851903,44,3
4,0.178956,-0.443725,-0.878113,44,4
5,0.119531,-0.479319,-0.869463,44,5
6,0.354354,-0.597973,-0.718931,44,6
7,0.064863,-0.519277,-0.852141,44,7
8,0.290074,-0.670658,-0.682697,44,8
9,-0.002441,-0.510219,-0.860041,44,9
10,0.394968,-0.545876,-0.738932,44,10
11,0.193318,-0.679192,-0.708044,44,11
12,-0.020916,-0.566153,-0.824035,44,12
13,0.354988,-0.65747,-0.664618,44,13
14,0.148217,-0.391014,-0.908372,44,14
15,0.203961,-0.725041,-0.657811,44,15
16,0.077607,-0.433389,-0.897859,44,16
17,0.451339,-0.510899,-0.731626,44,17
18,0.150742,-0.759581,-0.632704,44,18
19,-0.071925,-0.600683,-0.796245,44,19
20,-0.037143,-0.647579,-0.761093,44,20
21,0.300451,-0.43238,-0.850163,44,21
22,-0.007084,-0.693791,-0.720142,44,22
23,0.086041,-0.751471,-0.654132,44,23
24,0.127483,-0.608566,-0.783196,44,24
25,0.058249,-0.618227,-0.783838,44,25
26,0.379542,-0.494151,-0.782153,44,26
27,0.212079,-0.366055,-0.906105,44,27
0,-0.511159,-0.183594,-0.839649,37,0
1,-0.618383,-0.180432,-0.764883,37,1
2,-0.5646,-0.086926,-0.820774,37,2
3,-0.670048,-0.187296,-0.718301,37,3
4,-0.595297,-0.026531,-0.803067,37,4
5,-0.509552,-0.06432,-0.858032,37,5
6,-0.479031,-0.245771,-0.842689,37,6
7,-0.5718,0.036237,-0.819592,37,7
8,-0.476118,-0.311975,-0.822182,37,8
9,-0.476365,-0.12497,-0.870321,37,9
10,-0.419141,-0.236888,-0.876473,37,10
11,-0.523444,-0.341337,-0.780702,37,11
12,-0.689216,-0.24317,-0.682532,37,12
13,-0.415176,-0.119033,-0.90192,37,13
14,-0.620782,-0.092128,-0.778551,37,14
15,-0.667568,-0.055243,-0.742496,37,15
16,-0.391947,-0.299129,-0.87,37,16
17,-0.715508,-0.03619,-0.697667,37,17
18,-0.603238,-0.248722,-0.757787,37,18
19,-0.513842,0.042214,-0.856845,37,19
20,-0.571352,-0.363016,-0.736054,37,20
21,-0.760475,-0.031192,-0.648618,37,21
22,-0.493662,0.105261,-0.86326,37,22
23,-0.521431,-0.40677,-0.750098,37,23
24,-0.681545,0.013352,-0.731654,37,24
25,-0.332313,-0.287577,-0.898258,37,25
26,-0.612869,-0.387621,-0.68858,37,26
27,-0.732,-0.199365,-0.651482,37,27
0,-0.301372,-0.603419,-0.738282,43,0
1,-0.306855,-0.65483,-0.690679,43,1
2,-0.423232,-0.532688,-0.732884,43,2
3,-0.411213,-0.478378,-0.775924,43,3
4,-0.354379,-0.677476,-0.644548,43,4
5,-0.411779,-0.681,-0.605539,43,5
6,-0.254207,-0.695639,-0.671912,43,6
7,-0.455143,-0.425185,-0.782344,43,7
8,-0.260666,-0.566248,-0.781931,43,8
9,-0.444366,-0.628908,-0.637976,43,9
10,-0.467509,-0.362907,-0.806061,43,10
11,-0.485511,-0.514672,-0.706676,43,11
12,-0.26243,-0.50784,-0.820505,43,12
13,-0.499396,-0.627977,-0.596865,43,13
14,-0.528092,-0.537818,-0.657168,43,14
15,-0.195334,-0.726421,-0.658906,43,15
16,-0.193282,-0.577587,-0.793118,43,16
17,-0.389686,-0.728975,-0.562798,43,17
18,-0.13006,-0.601694,-0.788067,43,18
19,-0.0997,-0.554721,-0.826042,43,19
20,-0.514639,-0.402516,-0.757052,43,20
21,-0.556826,-0.599244,-0.575197,43,21
22,-0.20767,-0.667401,-0.715157,43,22
23,-0.266909,-0.44727,-0.853645,43,23
24,-0.610182,-0.567743,-0.552581,43,24
25,-0.317727,-0.400704,-0.859352,43,25
26,-0.408143,-0.357205,-0.840134,43,26
27,-0.218483,-0.763793,-0.60736,43,27
28,-0.383295,-0.418092,-0.82358,43,28
0,0.445811,-0.745553,0.495383,45,0
1,0.385995,-0.781994,0.48938,45,1
2,0.462873,-0.656042,0.596119,45,2
3,0.52387,-0.628102,0.575368,45,3
4,0.362171,-0.82248,0.438588,45,4
5,0.514825,-0.583454,0.628122,45,5
6,0.494642,-0.746458,0.445117,45,6
7,0.580105,-0.611564,0.538023,45,7
8,0.34741,-0.763076,0.544996,45,8
9,0.482068,-0.552152,0.680249,45,9
10,0.541669,-0.742078,0.394861,45,10
11,0.298814,-0.848216,0.437309,45,11
12,0.446111,-0.790145,0.420306,45,12
13,0.597785,-0.705921,0.379905,45,13
14,0.42034,-0.574434,0.702381,45,14
15,0.357231,-0.585883,0.727411,45,15
16,0.31104,-0.737686,0.599228,45,16
17,0.239916,-0.874337,0.421872,45,17
18,0.633771,-0.701874,0.325127,45,18
19,0.527978,-0.502741,0.684464,45,19
20,0.55219,-0.66487,0.503025,45,20
21,0.540144,-0.77231,0.334339,45,21
22,0.293994,-0.610883,0.735112,45,22
23,0.23036,-0.632287,0.739694,45,23
24,0.305065,-0.874971,0.375981,45,24
25,0.230038,-0.84544,0.481989,45,25
26,0.620115,-0.659266,0.425237,45,26
27,0.245296,-0.755444,0.607564,45,27
28,0.244273,-0.678227,0.693064,45,28
0,0.841171,-0.388064,0.376613,29,0
1,0.804823,-0.446048,0.391538,29,1
2,0.87177,-0.257549,0.416756,29,2
3,0.903923,-0.221178,0.366064,29,3
4,0.78255,-0.505063,0.364042,29,4
5,0.74669,-0.51385,0.422388,29,5
6,0.850452,-0.225328,0.475351,29,6
7,0.921254,-0.15504,0.356726,29,7
8,0.905555,-0.112819,0.408952,29,8
9,0.880187,-0.086329,0.466709,29,9
10,0.814781,-0.274291,0.510779,29,10
11,0.938004,-0.181936,0.295038,29,11
12,0.828789,-0.185902,0.527777,29,12
13,0.815143,-0.493033,0.304071,29,13
14,0.850539,-0.460341,0.254301,29,14
15,0.944552,-0.223723,0.240352,29,15
16,0.856393,-0.046423,0.514233,29,16
17,0.747757,-0.466471,0.472509,29,17
18,0.801921,-0.340413,0.490961,29,18
19,0.876685,-0.398349,0.269708,29,19
20,0.761619,-0.406526,0.504652,29,20
21,0.773511,-0.287606,0.564769,29,21
22,0.956294,-0.234308,0.174931,29,22
23,0.770602,-0.22659,0.595676,29,23
24,0.729767,-0.32533,0.601332,29,24
25,0.921839,-0.284414,0.263289,29,25
26,0.78974,-0.548023,0.275648,29,26
27,0.695188,-0.383544,0.607954,29,27
28,0.922415,-0.325451,0.207926,29,28
29,0.822067,-0.124869,0.55553,29,29
0,0.344032,0.654058,0.673684,41,0
1,0.288154,0.694479,0.659292,41,1
2,0.36252,0.599512,0.713558,41,2
3,0.222673,0.718273,0.659167,41,3
4,0.435269,0.676517,0.594025,41,4
5,0.482242,0.687243,0.543268,41,5
6,0.374638,0.73508,0.56507,41,6
7,0.537132,0.645088,0.543461,41,7
8,0.370061,0.776956,0.509308,41,8
9,0.335066,0.556814,0.760059,41,9
10,0.318465,0.506644,0.801182,41,10
11,0.424711,0.775865,0.466534,41,11
12,0.184418,0.684376,0.705422,41,12
13,0.159055,0.741903,0.651369,41,13
14,0.18206,0.780056,0.598638,41,14
15,0.5287,0.602596,0.597792,41,15
16,0.46398,0.784168,0.412071,41,16
17,0.345962,0.817886,0.459753,41,17
18,0.198152,0.816435,0.542374,41,18
19,0.579831,0.558868,0.592843,41,19
20,0.239444,0.646855,0.724048,41,20
21,0.550305,0.528254,0.646617,41,21
22,0.478479,0.595524,0.645298,41,22
23,0.256186,0.534035,0.805714,41,23
24,0.411424,0.551701,0.725504,41,24
25,0.592489,0.612655,0.523077,41,25
26,0.633364,0.561382,0.532636,41,26
27,0.480597,0.735879,0.476978,41,27
0,0.578665,0.621591,-0.527988,34,0
1,0.651812,0.621412,-0.434727,34,1
2,0.700643,0.571179,-0.427614,34,2
3,0.575413,0.575532,-0.581087,34,3
4,0.665328,0.647627,-0.371373,34,4
5,0.541957,0.674858,-0.500848,34,5
6,0.490958,0.720029,-0.490427,34,6
7,0.680699,0.665168,-0.306922,34,7
8,0.43731,0.759403,-0.481733,34,8
9,0.517129,0.601648,-0.608767,34,9
10,0.480857,0.654978,-0.582908,34,10
11,0.740345,0.513915,-0.433336,34,11
12,0.510815,0.553519,-0.657788,34,12
13,0.644832,0.713205,-0.274828,34,13
14,0.751131,0.458917,-0.474549,34,14
15,0.784084,0.468005,-0.407657,34,15
16,0.717278,0.447298,-0.534263,34,16
17,0.772814,0.397716,-0.494551,34,17
18,0.490009,0.511536,-0.705848,34,18
19,0.543548,0.470719,-0.694967,34,19
20,0.811556,0.35272,-0.465796,34,20
21,0.680463,0.505948,-0.530082,34,21
22,0.503364,0.749838,-0.429381,34,22
23,0.450286,0.625939,-0.636744,34,23
24,0.7763,0.517454,-0.359999,34,24
25,0.724631,0.612457,-0.315922,34,25
26,0.599663,0.448636,-0.662669,34,26
27,0.616123,0.712272,-0.336245,34,27
28,0.596075,0.696087,-0.400197,34,28
29,0.660814,0.46903,-0.585948,34,29
0,0.941798,0.278125,-0.188848,35,0
1,0.896126,0.404425,-0.18275,35,1
2,0.937902,0.333238,-0.096401,35,2
3,0.962931,0.227101,-0.145561,35,3
4,0.933311,0.357728,-0.031009,35,4
5,0.914338,0.404634,0.016052,35,5
6,0.884914,0.465747,0.002648,35,6
7,0.955998,0.292765,-0.018887,35,7
8,0.876426,0.477149,-0.064857,35,8
9,0.972201,0.233819,0.012372,35,9
10,0.940593,0.23563,-0.244464,35,10
11,0.862861,0.502612,0.053399,35,11
12,0.924644,0.220985,-0.31016,35,12
13,0.874538,0.416494,-0.248427,35,13
14,0.868737,0.385673,-0.31073,35,14
15,0.978016,0.161157,-0.13234,35,15
16,0.945402,0.160866,-0.28344,35,16
17,0.896275,0.253432,-0.363954,35,17
18,0.845957,0.478507,-0.235347,35,18
19,0.989689,0.117633,-0.081717,35,19
20,0.809834,0.516304,-0.278567,35,20
21,0.91651,0.297262,-0.267664,35,21
22,0.808401,0.482008,-0.337869,35,22
23,0.98102,0.101789,-0.165044,35,23
24,0.792657,0.56352,-0.23268,35,24
25,0.887832,0.207175,-0.410894,35,25
26,0.864114,0.291564,-0.41024,35,26
27,0.950964,0.305525,0.048183,35,27
28,0.843637,0.527874,-0.098108,35,28
29,0.977803,0.203594,-0.049498,35,29
30,0.763067,0.577394,-0.290422,35,30
0,0.563218,-0.525221,0.637909,26,0
1,0.58246,-0.565528,0.583882,26,1
2,0.491871,-0.4783,0.727524,26,2
3,0.430064,-0.488266,0.759369,26,3
4,0.379584,-0.464542,0.800073,26,4
5,0.633356,-0.555956,0.538306,26,5
6,0.332645,-0.514481,0.790352,26,6
7,0.319297,-0.572542,0.755146,26,7
8,0.533658,-0.422154,0.732799,26,8
9,0.59142,-0.401691,0.69919,26,9
10,0.616594,-0.482836,0.621837,26,10
11,0.56599,-0.619766,0.543641,26,11
12,0.674589,-0.500802,0.542334,26,12
13,0.329603,-0.437904,0.836422,26,13
14,0.511001,-0.629674,0.58514,26,14
15,0.502875,-0.677539,0.53671,26,15
16,0.50738,-0.374771,0.775959,26,16
17,0.26953,-0.517989,0.811813,26,17
18,0.553642,-0.324977,0.766727,26,18
19,0.447637,-0.717528,0.533642,26,19
20,0.454908,-0.632363,0.627037,26,20
21,0.683602,-0.443476,0.57967,26,21
22,0.446739,-0.561735,0.696332,26,22
23,0.38611,-0.736002,0.556076,26,23
24,0.405609,-0.678358,0.612627,26,24
25,0.44656,-0.385626,0.807389,26,25
26,0.599437,-0.278523,0.7504,26,26
27,0.342879,-0.689795,0.637665,26,27
28,0.327218,-0.646727,0.688965,26,28
29,0.677468,-0.390499,0.623336,26,29
30,0.391252,-0.544105,0.742208,26,30
0,-0.359366,0.666812,0.652854,20,0
1,-0.409813,0.734856,0.540407,20,1
2,-0.325299,0.632266,0.70315,20,2
3,-0.422169,0.768685,0.480517,20,3
4,-0.308893,0.584891,0.749992,20,4
5,-0.450407,0.664828,0.595934,20,5
6,-0.511505,0.636371,0.577403,20,6
7,-0.486768,0.601887,0.633079,20,7
8,-0.35777,0.790013,0.497876,20,8
9,-0.292022,0.81106,0.506858,20,9
10,-0.479177,0.7579,0.442693,20,10
11,-0.556831,0.643187,0.525594,20,11
12,-0.432804,0.595093,0.677159,20,12
13,-0.26156,0.660431,0.703859,20,13
14,-0.430192,0.542642,0.721439,20,14
15,-0.436827,0.486368,0.756722,20,15
16,-0.566982,0.678387,0.46725,20,16
17,-0.471295,0.719343,0.510319,20,17
18,-0.212073,0.702452,0.679401,20,18
19,-0.146002,0.713172,0.685616,20,19
20,-0.140211,0.759268,0.635494,20,20
21,-0.556074,0.585503,0.589888,20,21
22,-0.323785,0.723889,0.609219,20,22
23,-0.158553,0.797628,0.581937,20,23
24,-0.610388,0.605092,0.511166,20,24
25,-0.379082,0.479871,0.791214,20,25
26,-0.516273,0.546046,0.65977,20,26
27,-0.414202,0.805764,0.423298,20,27
28,-0.425844,0.829246,0.361951,20,28
0,0.787843,-0.08006,-0.610651,33,0
1,0.746376,-0.058427,-0.662955,33,1
2,0.744079,0.011459,-0.667993,33,2
3,0.841867,-0.092001,-0.531785,33,3
4,0.845799,-0.158162,-0.509519,33,4
5,0.806394,-0.175463,-0.564749,33,5
6,0.879719,-0.156779,-0.448903,33,6
7,0.764159,-0.203797,-0.611986,33,7
8,0.747855,0.080535,-0.658959,33,8
9,0.899701,-0.094079,-0.426248,33,9
10,0.846975,0.019568,-0.531273,33,10
11,0.878552,0.047221,-0.475307,33,11
12,0.889777,0.107231,-0.44362,33,12
13,0.698862,-0.057812,-0.712916,33,13
14,0.683117,0.007099,-0.730275,33,14
15,0.812144,-0.236368,-0.533435,33,15
16,0.730825,-0.125915,-0.670851,33,16
17,0.669025,-0.115343,-0.734236,33,17
18,0.919886,-0.038501,-0.390291,33,18
19,0.677206,0.075333,-0.731927,33,19
20,0.719828,-0.234742,-0.653256,33,20
21,0.929928,0.025179,-0.36688,33,21
22,0.877491,-0.220588,-0.425853,33,22
23,0.680011,0.142025,-0.719315,33,23
24,0.851721,-0.280842,-0.442379,33,24
25,0.800747,0.025183,-0.598473,33,25
26,0.650658,-0.180064,-0.737714,33,26
27,0.754961,0.146318,-0.639238,33,27
0,0.863051,-0.501935,0.056611,21,0
1,0.878146,-0.478334,-0.007535,21,1
2,0.833588,-0.528525,0.160599,21,2
3,0.800094,-0.597828,0.049506,21,3
4,0.861105,-0.471408,0.190456,21,4
5,0.847703,-0.463572,0.257878,21,5
6,0.767069,-0.641535,0.006119,21,6
7,0.888795,-0.452851,-0.070501,21,7
8,0.808903,-0.51551,0.282709,21,8
9,0.792643,-0.607682,-0.049391,21,9
10,0.874515,-0.46562,-0.135726,21,10
11,0.893586,-0.42187,0.153396,21,11
12,0.724562,-0.688328,0.034848,21,12
13,0.79499,-0.573098,0.198869,21,13
14,0.917613,-0.359934,0.168627,21,14
15,0.750831,-0.624857,0.214026,21,15
16,0.899277,-0.369429,0.234145,21,16
17,0.840922,-0.525095,-0.130861,21,17
18,0.714913,-0.645884,0.267828,21,18
19,0.676763,-0.735632,0.028938,21,19
20,0.906127,-0.422365,0.023255,21,20
21,0.707847,-0.69905,0.101404,21,21
22,0.763119,-0.638032,-0.102781,21,22
23,0.841278,-0.5406,0.001901,21,23
24,0.920672,-0.376805,0.101891,21,24
25,0.75118,-0.648953,0.120783,21,25
26,0.666954,-0.744167,-0.037257,21,26
27,0.90309,-0.405079,-0.142614,21,27
28,0.713197,-0.618609,0.329656,21,28
0,0.370386,0.328006,0.869038,49,0
1,0.465198,0.333178,0.820112,49,1
2,0.307241,0.316895,0.897319,49,2
3,0.415056,0.22219,0.882247,49,3
4,0.456537,0.398236,0.795601,49,4
5,0.291508,0.381727,0.877102,49,5
6,0.350394,0.235809,0.906432,49,6
7,0.525102,0.331498,0.783822,49,7
8,0.56847,0.277688,0.774423,49,8
9,0.410759,0.450445,0.792702,49,9
10,0.402164,0.15644,0.902103,49,10
11,0.368544,0.10081,0.924128,49,11
12,0.462333,0.131512,0.876899,49,12
13,0.6023,0.217962,0.767937,49,13
14,0.49567,0.185783,0.848408,49,14
15,0.306121,0.122408,0.94409,49,15
16,0.632414,0.158331,0.758277,49,16
17,0.582871,0.139145,0.800562,49,17
18,0.487958,0.441976,0.752697,49,18
19,0.300293,0.056365,0.95218,49,19
20,0.541389,0.448583,0.711105,49,20
21,0.55027,0.498633,0.669752,49,21
22,0.635673,0.091924,0.766465,49,22
23,0.284454,0.242832,0.927426,49,23
24,0.51472,0.263028,0.816014,49,24
25,0.227786,0.403511,0.886167,49,25
26,0.491034,0.497461,0.715135,49,26
27,0.223526,0.273271,0.935606,49,27
28,0.31,0.439355,0.84313,49,28
29,0.363886,0.499543,0.786157,49,29
30,0.445355,0.067326,0.892819,49,30
0,0.691236,-0.077841,0.718424,31,0
1,0.661454,-0.022134,0.749659,31,1
2,0.608222,-0.009073,0.793715,31,2
3,0.696654,0.028318,0.716849,31,3
4,0.722672,-0.127105,0.679404,31,4
5,0.553972,-0.031591,0.831935,31,5
6,0.497249,-0.051874,0.866055,31,6
7,0.668185,0.087346,0.73885,31,7
8,0.7608,-0.156598,0.62981,31,8
9,0.52704,0.029297,0.849335,31,9
10,0.595597,-0.152175,0.788738,31,10
11,0.731176,-0.217221,0.646681,31,11
12,0.456889,-0.104879,0.883319,31,12
13,0.744017,0.014059,0.668012,31,13
14,0.509352,-0.133479,0.850143,31,14
15,0.789508,-0.098587,0.605771,31,15
16,0.82235,-0.126693,0.554698,31,16
17,0.684535,-0.253473,0.683493,31,17
18,0.563027,-0.213306,0.798437,31,18
19,0.810552,-0.193617,0.552737,31,19
20,0.526962,-0.271281,0.80543,31,20
21,0.428419,-0.16664,0.888081,31,21
22,0.64197,0.148083,0.752294,31,22
23,0.529448,-0.33409,0.779788,31,23
24,0.6184,-0.216086,0.755571,31,24
0,-0.644223,-0.449105,0.619097,48,0
1,-0.578203,-0.528166,0.62187,48,1
2,-0.695697,-0.412923,0.587793,48,2
3,-0.654656,-0.54368,0.525202,48,3
4,-0.533412,-0.581547,0.614227,48,4
5,-0.675921,-0.571849,0.464886,48,5
6,-0.615035,-0.413115,0.671616,48,6
7,-0.743615,-0.39121,0.54221,48,7
8,-0.484427,-0.571557,0.662309,48,8
9,-0.700864,-0.588408,0.403194,48,9
10,-0.508927,-0.636474,0.579563,48,10
11,-0.564464,-0.406317,0.718531,48,11
12,-0.787413,-0.36096,0.499688,48,12
13,-0.518869,-0.458687,0.721375,48,13
14,-0.801864,-0.297888,0.517955,48,14
15,-0.539365,-0.660753,0.522007,48,15
16,-0.596441,-0.631177,0.495856,48,16
17,-0.699049,-0.352658,0.622063,48,17
18,-0.776532,-0.421326,0.46849,48,18
19,-0.450026,-0.66641,0.594453,48,19
20,-0.705448,-0.501699,0.500641,48,20
21,-0.739328,-0.531722,0.413116,48,21
22,-0.524129,-0.376729,0.763783,48,22
23,-0.619845,-0.653157,0.434946,48,23
24,-0.456766,-0.533082,0.712171,48,24
25,-0.606934,-0.351961,0.712569,48,25
26,-0.420129,-0.635588,0.647704,48,26
